{"cameraMode":{"drawMode":0,"name":"Shaded","section":"Shading Mode"},"sceneLighting":false,"audioPlay":false,"sceneViewState":{"showFog":true,"showMaterialUpdate":false,"showSkybox":true,"showFlares":true,"showImageEffects":true,"showParticleSystems":true},"in2DMode":false,"pivot":{"x":0.0,"y":3.0999999046325685,"z":2.4000000953674318},"rotation":{"x":0.03195206820964813,"y":-0.7031981348991394,"z":0.03166528046131134,"w":0.7095694541931152},"size":164.1273651123047,"orthographic":true}