{"cameraMode":{"drawMode":0,"name":"Shaded","section":"Shading Mode"},"sceneLighting":false,"audioPlay":false,"sceneViewState":{"showFog":true,"showMaterialUpdate":false,"showSkybox":true,"showFlares":true,"showImageEffects":true,"showParticleSystems":true},"in2DMode":false,"pivot":{"x":0.0015211105346679688,"y":113.43511962890625,"z":500.8175354003906},"rotation":{"x":0.17156827449798585,"y":-0.2533658742904663,"z":0.0457124263048172,"w":0.9509365558624268},"size":897.2593994140625,"orthographic":true}