{"cameraMode":{"drawMode":0,"name":"Shaded","section":"Shading Mode"},"sceneLighting":false,"audioPlay":false,"sceneViewState":{"showFog":true,"showMaterialUpdate":false,"showSkybox":true,"showFlares":true,"showImageEffects":true,"showParticleSystems":true},"in2DMode":false,"pivot":{"x":-0.19140625,"y":1.6390832662582398,"z":7.2200775146484379},"rotation":{"x":0.03195206820964813,"y":-0.7031981348991394,"z":0.03166528046131134,"w":0.7095694541931152},"size":11.731947898864746,"orthographic":true}