{"cameraMode":{"drawMode":0,"name":"Shaded","section":"Shading Mode"},"sceneLighting":false,"audioPlay":false,"sceneViewState":{"showFog":true,"showMaterialUpdate":false,"showSkybox":true,"showFlares":true,"showImageEffects":true,"showParticleSystems":true},"in2DMode":false,"pivot":{"x":7.0,"y":1.9079253673553467,"z":148.22000122070313},"rotation":{"x":0.07613328844308853,"y":-0.5506271123886108,"z":0.05052343010902405,"w":0.8297353982925415},"size":31.57131004333496,"orthographic":false}